<?xml version="1.0" encoding="UTF-8"?>
<device name="ufbaino01">
    <sensors>
        <sensor name="humiditySensor">
            <values type="integer">
                <value>80</value>
                <value>79</value>
                <value>78</value>
                <value>77</value>
                <value>76</value>
                <value>75</value>
                <value>74</value>
                <value>73</value>
                <value>72</value>
                <value>71</value>
                <value>70</value>
            </values>
        </sensor>
        <sensor name="temperatureSensor">
            <values type="integer">
                <value>39</value>
                <value>38</value>
                <value>37</value>
                <value>36</value>
                <value>35</value>
                <value>34</value>
                <value>33</value>
                <value>32</value>
                <value>31</value>
                <value>30</value>
                <value>29</value>
                <value>28</value>
                <value>27</value>
                <value>26</value>
            </values>
        </sensor>
    </sensors>
</device>
