<?xml version="1.0" encoding="UTF-8"?>
<device name="ufbaino03">
    <sensors>
        <sensor name="currentSensor01">
            <values type="integer">
                <value>1</value>
                <value>2</value>
                <value>2</value>
                <value>3</value>
                <value>3</value>
                <value>3</value>
                <value>3</value>
                <value>4</value>
                <value>4</value>
                <value>4</value>
                <value>5</value>
                <value>5</value>
                <value>5</value>
                <value>5</value>
                <value>5</value>
                <value>5</value>
                <value>6</value>
                <value>6</value>
                <value>6</value>
                <value>6</value>
                <value>6</value>
                <value>6</value>
            </values>
        </sensor>
        <sensor name="temperatureSensor">
            <values type="integer">
                <value>39</value>
                <value>38</value>
                <value>37</value>
                <value>36</value>
                <value>35</value>
                <value>34</value>
                <value>33</value>
                <value>32</value>
                <value>31</value>
                <value>30</value>
                <value>29</value>
                <value>28</value>
                <value>27</value>
                <value>26</value>
            </values>
        </sensor>
    </sensors>
</device>
